0.11215,-0.43454,-0.77261,-0.48364,0.69547,0.82373,0.40028,0.89931,0.090039,-0.5005
0.13748,0.1554,0.82609,0.44377,0.18857,-0.95184,0.8938,0.3042,-0.42407,-0.75819
-0.29136,0.37457,-0.68613,-0.41337,0.35726,0.75087,-0.51447,0.49728,-0.96329,0.34361
0.66658,0.040742,-0.13895,-0.18208,0.65885,0.21243,0.12121,-0.79922,0.18134,0.69166
0.4666,-0.31617,0.95514,-0.42648,-0.78692,-0.095783,0.053731,-0.99465,-0.79244,0.24698
-0.63873,-0.42757,-0.37972,-0.71709,-0.55743,-0.36122,0.7088,0.53615,-0.13301,-0.76262
-0.72699,0.56829,-0.51194,0.89928,-0.59964,-0.83094,-0.25755,-0.51684,-0.81279,-0.4903
0.31124,0.95571,0.72016,-0.15747,0.68514,0.85332,0.87962,-0.66022,0.88939,0.30574
0.46445,-0.2889,0.97117,0.80085,0.55078,-0.14981,-0.9708,-0.78892,0.57516,-0.57164
0.063521,-0.72649,-0.96653,0.55792,0.80972,0.070493,0.17765,0.60137,0.58435,0.88359
-0.09836,0.43803,-0.69845,0.84394,-0.79013,-0.51414,0.075681,0.95092,0.96041,0.41696
0.22187,-0.53991,-0.30206,0.12061,0.76299,0.10868,-0.60509,-0.52526,-0.7958,-0.18615
0.34396,-0.91636,-0.53132,0.55759,0.32858,0.47074,-0.89169,0.37097,-0.95162,0.60292
-0.12115,0.59957,0.36546,-0.88851,0.17472,0.86216,-0.70456,-0.52881,-0.13133,-0.38826
-0.060956,0.64994,-0.66836,0.48492,0.30162,0.71716,-0.9747,-0.49469,-0.41425,0.88129
0.9047,-0.0745,-0.50744,-0.41687,0.71236,0.71829,0.20037,0.081685,0.55365,0.29504
0.23013,0.10552,0.25216,-0.95021,-0.8664,0.50569,0.10991,-0.55561,-0.057519,-0.064115
0.39262,-0.42718,0.26995,-0.9582,0.10327,0.75823,0.19295,-0.21515,0.43897,0.37499
0.48229,0.087883,-0.61851,-0.44049,0.88687,-0.33115,-0.55074,-0.0095115,0.78523,-0.28521
-0.11512,0.74906,0.52235,0.064255,0.39164,0.73219,0.64923,-0.98568,0.58341,0.36673
-0.10592,-0.076406,0.19884,0.50264,-0.87417,-0.50461,-0.41706,0.47392,-0.70891,0.57531
-0.55526,0.72051,-0.89111,-0.69263,-0.35007,0.7442,-0.8655,0.22153,-0.53382,0.70687
0.38529,-0.88207,-0.85604,0.91325,0.69266,-0.24159,-0.47141,-0.32688,0.40677,0.29222
0.66319,0.39291,0.93956,-0.63955,-0.099458,0.8007,0.78833,-0.21332,-0.24485,0.61771
0.14391,0.18054,-0.35827,-0.20252,-0.82104,-0.25163,-0.31438,0.14014,-0.94779,-0.030881
0.79336,0.6638,0.1705,0.083289,0.18003,-0.84516,-0.70772,0.34558,0.63082,-0.48831
-0.32037,0.58078,0.55595,-0.68817,-0.07101,-0.54292,0.26585,0.21539,-0.81538,-0.1908
-0.059442,-0.53681,0.6369,0.85319,-0.040539,0.75824,0.28016,-0.044966,0.5804,-0.84448
-0.61188,0.31765,-0.44461,-0.61179,0.013379,-0.59793,0.80562,0.66769,-0.030441,-0.15338
0.33846,0.38936,0.4139,-0.00018358,-0.60251,0.85947,-0.25952,-0.17708,0.33574,-0.89667
-0.4699,-0.80356,0.095697,-0.63629,-0.073622,-0.17257,0.46472,-0.22207,0.31739,-0.4031
-0.4796,-0.58799,-0.61776,-0.19787,0.28576,-0.75677,-0.027244,0.878,0.11224,-0.52435
-0.14839,-0.20613,-0.57557,0.35672,0.6689,-0.068763,0.88853,0.78718,0.96464,-0.30482
-0.3351,0.77603,-0.6197,-0.87427,0.029307,0.50774,0.78885,0.10044,-0.29287,0.79996
-0.55504,0.53568,-0.1597,0.99177,0.1825,0.24047,-0.66793,0.1686,0.75141,-0.50349
0.99166,0.40189,-0.17645,-0.40414,0.18938,0.24931,0.69871,0.83918,-0.82915,-0.058235
0.64431,-0.18825,-0.37121,0.35262,0.51817,0.76762,0.67089,-0.24502,-0.40434,0.26983
-0.24538,-0.84714,-0.1561,0.71148,0.4691,0.90747,-0.057984,0.18444,-0.68673,0.74231
-0.07507,-0.62978,0.54116,-0.62404,0.21524,0.54148,0.74493,0.11383,0.16416,0.98248
-0.96105,0.19934,0.65642,0.71775,0.10477,0.34473,0.67699,0.89138,0.18616,-0.58672
-0.36871,0.12319,-0.24783,0.39891,-0.45935,0.92794,-0.4153,0.83523,-0.035881,0.89016
-0.90685,-0.46282,-0.72303,-0.98095,-0.32463,-0.79677,-0.89832,0.29506,-0.94652,0.46023
0.63233,-0.53353,-0.95091,0.986,0.61524,0.42095,-0.87628,-0.39766,-0.3877,-0.10528
-0.3616,0.39373,0.54119,-0.4589,-0.43419,-0.365,-0.61703,0.18069,0.99089,0.25537
0.11651,0.24578,-0.18692,0.64521,0.29398,0.27636,0.79351,-0.40643,-0.67557,-0.21076
0.036978,-0.8343,-0.15226,0.39849,-0.00282,-0.57613,0.1608,0.58683,-0.41011,0.41361
0.92951,0.44634,-0.30197,0.61791,-0.87189,-0.091716,0.75132,-0.85533,-0.67943,0.3505
-0.05436,0.21711,0.78678,-0.44267,0.095953,0.0057924,-0.11133,-0.71785,-0.86453,0.48949
-0.83511,0.14803,0.090948,-0.83014,0.60432,0.44178,0.59672,0.24955,-0.23978,0.18861
-0.43108,0.54805,-0.13024,-0.95518,0.933,0.08009,-0.36562,0.046021,-0.49753,-0.90564
-0.66051,-0.32289,-0.20389,-0.59714,-0.45196,-0.69179,-0.95012,-0.36804,-0.18388,0.21781
0.18572,-0.9912,-0.21211,-0.34663,-0.77213,-0.75616,-0.79652,0.5062,0.72165,0.62507
-0.72903,0.79003,0.60086,-0.13477,0.20381,0.069739,-0.3743,0.22774,0.10502,0.35518
-0.28551,0.8243,-0.89868,0.19119,0.017414,-0.0068554,-0.6982,0.28297,0.61954,0.28068
0.032991,-0.16702,-0.72999,-0.86806,0.90448,-0.41195,-0.18952,0.41511,-0.63361,-0.89585
0.93176,0.61417,-0.38126,0.67229,0.8954,0.67879,0.61454,0.7145,0.3453,-0.033163
-0.54683,-0.038876,0.13484,-0.20678,-0.90599,-0.77879,-0.16927,-0.31997,-0.60742,-0.52094
0.38485,-0.88003,-0.26904,0.55564,-0.22303,-0.67935,0.11232,0.82256,-0.13654,0.16368
-0.20666,-0.29001,-0.53983,-0.90387,0.86715,0.037103,0.37305,0.25671,-0.025917,-0.61876
-0.10142,-0.53921,0.41391,-0.8793,0.99824,-0.69243,0.7197,0.31705,0.39905,-0.90568
-0.049632,-0.88517,-0.52086,-0.7551,0.58833,-0.53556,0.68453,0.74269,0.050412,0.36771
0.37045,0.35822,0.5738,-0.60553,-0.26802,0.81385,-0.20199,0.77071,0.69422,-0.95129
-0.38987,0.33369,0.27908,-0.36117,0.18397,-0.30633,-0.90758,-0.27685,0.28302,0.42737
-0.27239,-0.981,0.3888,0.4514,-0.19635,0.085282,-0.56949,0.968,0.030291,-0.059602
-0.054772,-0.31526,0.22566,0.10419,0.0086637,0.18522,0.05354,-0.85675,0.93247,0.15687
-0.03919,0.89075,-0.69322,-0.12935,-0.40603,-0.37879,0.63435,-0.37602,-0.063028,-0.28817
0.9495,-0.52071,-0.46948,-0.37321,-0.65989,-0.6334,0.48065,0.099613,0.92722,0.065925
0.55185,-0.79668,-0.20667,-0.95105,-0.1237,-0.99023,-0.55853,-0.46321,-0.88742,0.76835
-0.67775,-0.015939,0.55176,0.8382,-0.30972,0.472,0.21985,-0.53245,-0.11398,0.5442
0.96149,-0.92235,-0.98121,-0.60955,0.50912,0.81421,0.6254,-0.57127,0.77283,-0.89252
-0.63327,-0.65701,-0.077088,0.32733,0.10449,0.32319,-0.83252,0.90353,0.2114,0.64106
0.17605,0.55084,0.083747,-0.70365,0.68314,-0.73442,0.53165,0.57531,0.15233,0.24216
0.085313,0.81084,0.1777,-0.5537,-0.80837,0.49122,-0.53456,-0.68107,0.55065,0.41393
-0.93527,0.88006,-0.028022,-0.59406,-0.87195,0.60649,-0.87205,-0.012767,0.34696,0.18762
-0.94599,0.30158,-0.44432,0.55507,0.47153,0.59971,-0.82682,-0.71622,-0.26351,-0.18981
0.53985,0.3009,-0.18847,-0.2871,-0.34556,0.54951,-0.42405,0.041173,0.43169,0.62846
-0.56192,0.58653,0.72481,0.3098,0.3245,-0.6427,-0.56452,-0.23663,-0.78321,0.60628
-0.45875,0.37499,-0.095864,-0.90626,-0.54102,-0.11361,-0.70421,-0.38038,0.65764,-0.10399
-0.47903,0.40988,0.49845,-0.91181,-0.39058,0.62591,0.15544,-0.0291,0.6768,-0.60664
-0.66563,-0.06945,0.19891,-0.92365,-0.68072,-0.27211,-0.64111,0.97012,-0.57368,0.041332
-0.99766,0.34792,-0.34423,0.17455,-0.11936,0.60937,-0.99633,-0.862,-0.044056,0.53513
0.5207,-0.93677,-0.23961,0.33116,0.34414,0.62033,-0.99684,-0.62837,0.58851,-0.23406
0.9704,0.64116,0.97297,0.93914,-0.98506,0.72742,-0.00045991,0.7444,0.59711,0.098571
0.029002,-0.048436,0.58869,-0.5992,0.75624,-0.62529,-0.43266,0.97711,-0.55493,-0.36435
0.13739,0.060987,-0.14001,-0.33294,-0.80978,0.12947,0.041463,-0.02925,0.83722,0.59849
-0.82647,0.11024,0.68799,0.10289,-0.205,-0.012812,0.87091,0.48574,-0.47145,0.93587
-0.37453,-0.36621,-0.32506,0.37252,0.3685,0.24502,-0.4104,0.5178,-0.94622,0.89836
0.35794,0.21104,-0.82602,0.73799,-0.69332,0.61989,-0.76436,0.288,0.049481,-0.74049
0.05471,0.071723,0.36808,-0.75197,0.55733,0.49375,0.5364,0.078341,-0.87065,0.34564
-0.69336,0.26344,-0.9754,-0.71237,-0.75392,-0.1608,0.19758,-0.23469,-0.14072,0.67368
-0.073372,-0.47688,0.29276,-0.83501,-0.42027,-0.17324,-0.01764,0.2383,0.047678,0.005376
-0.5633,0.98198,-0.28122,0.091541,0.30388,0.15462,-0.23577,0.64298,-0.84795,-0.60735
-0.15348,-0.75269,-0.35091,-0.58454,0.88292,-0.073361,-0.4465,0.61373,-0.14667,-0.020155
-0.40868,-0.76351,-0.1486,-0.53532,0.32214,0.18041,-0.47411,0.32157,-0.11662,0.848
-0.75746,-0.046105,-0.50466,0.12642,0.32616,-0.27013,0.48089,-0.60843,0.88637,0.0086655
0.27826,0.87299,0.65859,0.55163,0.40697,0.072019,0.7969,-0.061662,-0.64428,0.33863
0.40161,-0.73317,0.48388,-0.75271,0.24604,-0.85029,0.8215,-0.65305,0.17839,0.88
-0.62188,-0.85662,-0.46882,-0.56453,-0.69149,-0.28446,-0.068927,-0.012381,0.37705,-0.20142
0.28777,0.92931,0.047753,0.66674,0.47384,0.25844,0.50191,-0.60673,-0.32275,0.020823
-0.11839,0.916,0.38827,-0.31821,0.42009,0.0033453,0.22734,0.10015,-0.28727,-0.69096
-0.78794,-0.6483,-0.43339,-0.45852,0.52454,0.19433,0.23856,-0.35881,-0.081143,-0.3988
0.46465,-0.99081,0.74262,0.78177,0.37676,0.2477,0.2153,-0.32584,0.73213,0.54251
-0.65784,-0.37829,0.61573,0.79166,-0.029951,0.55502,-0.30668,-0.047628,-0.0928,-0.20996
-0.60011,-0.66663,0.37191,0.73152,-0.11058,0.076629,0.095172,-0.92473,-0.55742,-0.75279
0.47525,-0.10946,-0.78628,0.054665,0.4966,-0.8183,-0.7357,-0.13336,0.58472,-0.60801
0.43089,-0.90273,-0.13105,-0.07673,0.5954,-0.50073,0.53376,-0.9744,0.56802,0.35618
-0.6542,0.95874,0.29883,0.094165,0.9705,0.42042,0.3074,-0.35215,0.04433,-0.84845
-0.60791,0.041799,-0.47944,0.61161,-0.16917,0.38205,0.09232,0.14713,0.30685,0.95765
0.69431,-0.010001,0.64773,-0.4468,0.030058,-0.55237,0.60875,0.010121,-0.82542,-0.083788
0.77778,0.77296,0.034161,-0.7366,0.328,-0.68969,-0.76924,-0.95738,-0.56404,-0.8303
-0.48923,0.59254,0.99865,0.51537,0.71467,0.30531,-0.73919,0.93406,0.44553,0.77364
0.76944,-0.46085,-0.6625,-0.76602,-0.92451,0.47686,0.56904,-0.14147,-0.25286,0.76766
-0.48483,0.89528,-0.69709,0.53885,-0.773,0.0073098,0.71872,-0.72453,-0.62514,-0.19689
-0.12533,0.34044,-0.9548,0.8284,0.39419,-0.82182,-0.70683,-0.82467,0.24485,0.63828
0.80195,0.61226,0.13884,0.94931,0.50585,-0.2296,0.3087,0.35528,-0.20456,0.82278
0.06618,0.74124,0.59465,0.12408,-0.58019,0.3265,0.037226,0.34437,0.76922,0.62818
0.52621,-0.77494,-0.90335,-0.45969,-0.15603,0.16593,-0.98916,-0.61093,-0.93859,0.99702
-0.73764,0.76761,-0.45587,0.23567,-0.18844,0.45169,0.39282,0.35711,-0.18352,-0.58518
0.86899,0.55871,-0.29723,-0.067826,-0.63723,-0.39868,0.52808,-0.16228,-0.22891,-0.77936
0.0052033,0.30796,0.34784,-0.73645,-0.1409,0.95285,0.0096553,0.8833,0.11318,-0.30052
0.49266,-0.68203,0.79314,-0.16538,0.23487,-0.99649,0.82,0.60724,0.73775,0.4231
-0.5692,0.87022,-0.28575,0.38767,0.88128,0.93488,-0.69453,0.60859,-0.3863,-0.38751
-0.64946,-0.50844,0.91544,0.78569,0.34419,-0.69202,-0.55564,0.27642,-0.11769,0.7958
0.41965,0.26771,0.99695,-0.92176,-0.67219,0.18958,-0.98144,0.13907,0.63694,0.4443
0.83846,-0.47471,-0.020518,0.98557,-0.54864,-0.75592,0.62148,-0.042011,-0.63071,0.30331
-0.89881,-0.00019249,0.048826,0.93265,0.33146,-0.98701,0.86876,0.87092,0.93084,0.077423
0.48239,0.63081,0.391,0.40553,0.75072,-0.58324,-0.8291,0.54799,-0.85352,0.36106
0.62428,0.83711,0.33367,0.31695,0.74381,0.059567,0.29681,0.48308,0.42374,0.26571
-0.55467,-0.675,0.2063,0.17612,0.82621,-0.14301,-0.78986,-0.50302,-0.080455,-0.12238
0.364,-0.015531,-0.22069,0.97454,0.32239,0.67821,0.27025,-0.37174,-0.23917,0.34104
-0.72565,0.9946,-0.2331,0.64851,-0.66378,0.4806,-0.41661,-0.30208,0.52153,-0.48742
-0.58232,0.2471,0.40672,-0.4302,0.11304,-0.097324,0.76844,0.67837,-0.073051,-0.033665
-0.72784,-0.12262,-0.22989,-0.4339,0.62993,-0.49531,-0.30533,0.5158,-0.82034,0.26097
0.49056,-0.32073,0.74244,0.73003,0.88335,0.67594,0.46713,-0.093388,-0.40253,0.53945
-0.9501,-0.44504,-0.94283,-0.0054072,-0.95222,-0.4014,0.99763,-0.59328,-0.78565,-0.8134
0.34509,-0.88516,-0.96459,-0.20717,0.58129,-0.06203,-0.80819,-0.98001,-0.31129,-0.41903
-0.20283,0.58697,-0.34057,0.18741,0.28892,0.83079,-0.1038,0.13495,-0.087213,0.4657
-0.13938,0.0019577,0.35792,0.28221,-0.21464,0.89296,-0.44498,0.10513,-0.32176,-0.33078
0.57313,0.81206,0.93565,-0.082739,-0.92066,-0.19679,0.436,0.54742,-0.42913,-0.017274
0.82365,0.45314,0.59461,-0.087026,-0.15734,0.2939,-0.81288,0.28041,-0.23648,-0.46924
0.94404,0.38304,0.16727,0.82435,-0.28785,0.2951,-0.88475,0.4514,0.92112,0.83312
0.08544,-0.72374,0.43958,0.10461,0.97263,0.96112,0.46474,0.11591,0.41306,-0.67777
0.85227,-0.41352,0.91748,0.12952,-0.4067,-0.41328,-0.52464,-0.58746,-0.18795,0.52674
-0.19478,0.25494,-0.46817,-0.41298,-0.36029,0.70779,-0.51091,0.83471,0.75322,-0.39268
-0.73054,0.81393,-0.80009,-0.71015,0.096999,-0.56564,0.40976,0.96882,-0.64586,-0.64453
-0.93111,-0.16733,-0.64654,-0.35794,-0.37229,-0.056359,-0.53285,-0.40479,0.89971,-0.32601
-0.36658,-0.19149,-0.25469,0.21913,0.4454,-0.42183,0.20566,-0.86028,0.35243,-0.44732
-0.045105,0.66345,0.73271,0.43841,-0.41869,-0.71266,-0.81607,0.46542,0.019988,0.84951
-0.46728,-0.77567,-0.46743,0.78793,-0.828,0.40993,0.80382,0.88034,0.44788,-0.31545
0.086445,-0.27682,0.14786,-0.38625,0.63469,-0.032988,0.016166,0.036709,-0.66847,0.18329
-0.095896,-0.20814,-0.78479,0.8181,0.46076,-0.47179,0.25001,-0.97967,-0.607,-0.52972
0.59156,0.066045,-0.32396,0.10431,-0.39326,0.34541,0.34451,0.42392,0.14949,-0.68178
0.42995,0.99731,-0.87854,-0.76012,0.87267,-0.86116,-0.43828,-0.36876,0.99375,-0.71917
-0.60876,0.16295,0.30866,-0.9085,0.22003,0.33856,-0.28967,-0.34606,0.63977,-0.78407
0.39405,0.99668,0.14277,-0.915,0.32442,-0.535,-0.72653,-0.088492,-0.42569,0.98398
-0.6702,0.1581,-0.026397,-0.92394,0.63444,-0.5655,0.084227,0.54258,-0.84899,0.80136
0.99897,0.86472,-0.56562,-0.44588,-0.78972,0.92482,-0.53367,0.42968,0.09572,-0.33991
-0.37971,-0.51697,0.10294,0.90212,-0.71438,0.81884,0.057366,0.26629,0.67161,0.3076
-0.061175,0.2593,-0.95432,0.018719,-0.82965,0.96633,0.93553,-0.67384,-0.96583,-0.055434
-0.13906,-0.74389,0.86115,0.64298,0.4134,0.69713,-0.98376,0.15778,0.30329,0.15475
-0.33342,-0.50231,-0.86116,0.58053,0.69095,0.1183,-0.083203,-0.59163,0.428,-0.98173
-0.4374,-0.48412,0.53985,0.29313,-0.38807,0.95605,0.47334,0.86594,-0.050729,-0.65947
0.27501,-0.68277,0.96175,-0.6859,-0.37559,0.80214,0.77861,0.16634,-0.7833,-0.097881
-0.031409,0.39893,0.49586,-0.18317,-0.53489,-0.78345,0.7819,0.17171,0.9198,0.45801
-0.10743,0.82491,-0.37482,0.41054,-0.072029,0.030741,0.25635,0.34655,0.031442,-0.89273
-0.51937,-0.33054,0.47368,-0.10679,-0.2376,0.13477,0.32815,0.62274,0.23751,-0.80772
-0.26898,-0.83266,-0.30357,-0.49671,-0.60196,0.31103,0.51725,-0.91366,-0.86847,-0.0076987
-0.67207,0.18648,0.69896,-0.91071,0.43512,-0.30962,0.28027,0.7849,-0.96597,0.50152
0.90964,-0.78071,0.50139,0.91722,0.58821,0.77389,-0.033836,-0.80849,-0.72837,-0.39341
0.61229,0.028284,-0.16097,0.4566,0.059008,0.84496,-0.66562,0.83984,-0.052049,0.53377
-0.086494,-0.8594,-0.90523,0.60571,-0.95377,-0.94862,0.11604,0.86481,0.58731,-0.27083
-0.7023,0.64983,-0.58064,-0.056901,-0.50332,-0.85631,0.30452,-0.48132,-0.94998,0.25694
-0.3559,0.95993,0.6892,0.58554,0.60669,-0.036268,-0.6933,-0.12854,0.79953,-0.66957
-0.62939,-0.26768,0.77258,-0.80802,0.54702,-0.83615,0.64376,0.12452,0.85408,-0.25368
-0.11376,0.057555,0.80933,-0.16607,0.79008,0.65466,-0.050943,-0.016528,0.80365,-0.58079
0.014898,0.055228,-0.25848,-0.83181,-0.37564,0.9142,-0.89418,0.33763,0.10506,-0.98965
-0.51982,-0.54008,-0.33482,0.54096,-0.88627,0.89885,-0.81443,0.40044,0.56155,0.27988
0.52744,0.83683,0.34502,-0.48237,-0.24113,0.38925,-0.49429,0.81923,0.28839,0.84083
0.88606,-0.57078,-0.83832,0.24948,0.32822,0.48053,-0.67299,0.014901,-0.33407,-0.87145
-0.20567,-0.2456,-0.15981,-0.70977,-0.52008,-0.3949,-0.13266,-0.41308,-0.79115,-0.58686
0.31401,0.53211,0.67822,-0.49677,0.87751,0.35356,-0.98288,0.083311,-0.11419,0.63734
-0.36771,0.27137,-0.83532,0.15256,-0.12948,0.80435,-0.79846,0.70077,-0.71924,-0.79369
-0.8642,0.60593,-0.57931,-0.98313,0.14196,-0.93862,0.63709,0.94199,0.71283,0.053298
-0.97006,0.014003,0.72766,-0.90769,-0.05913,0.091087,-0.2153,-0.66451,0.33696,-0.55275
0.61723,-0.86189,0.65075,0.84834,0.74969,0.8697,-0.78371,-0.89621,-0.59996,0.66601
-0.5358,-0.18815,0.14821,0.41549,0.70714,-0.15567,0.90971,-0.64769,0.97218,-0.98058
0.378,-0.38398,-0.89554,-0.17574,-0.44082,0.94431,-0.9784,0.78122,0.57786,-0.81978
-0.71426,0.78527,-0.23281,0.60536,-0.11921,0.96263,-0.021162,0.27852,-0.09642,-0.79118
0.61843,-0.20472,-0.91256,0.59675,-0.29919,-0.89606,-0.65182,-0.63687,0.19271,-0.6843
-0.42584,0.40087,-0.19061,0.70628,-0.82582,-0.0162,0.84191,0.30336,0.2008,0.68954
-0.89357,-0.89653,-0.45641,0.49813,0.79203,0.27663,-0.91749,-0.50607,0.95322,0.40304
0.53557,-0.83848,-0.013851,0.7277,0.090413,0.7211,0.6531,0.20758,0.96159,-0.82997
0.37588,-0.75765,0.95384,-0.34536,0.94349,-0.90871,0.53005,-0.13409,0.36893,-0.17393
-0.026963,0.97618,0.17975,-0.20337,0.45519,-0.88127,-0.44714,0.26938,0.60656,-0.84097
0.79552,-0.1445,-0.85032,-0.51084,-0.80593,0.50241,0.69065,-0.62033,-0.39688,-0.72005
-0.39545,0.38522,-0.68929,-0.054317,0.51681,-0.71075,0.28475,0.1412,-0.79264,-0.17648
0.22859,0.090726,-0.67196,0.59424,0.80098,0.22151,0.44545,0.18836,0.80028,-0.21588
0.86149,-0.52139,-0.68944,-0.73501,0.083647,0.025341,-0.21709,-0.39535,-0.35937,-0.26727
0.72198,-0.77377,0.78938,0.58124,-0.70177,-0.5847,-0.52237,0.48897,0.26667,0.44579
-0.94867,0.59496,-0.71762,0.76317,0.69169,-0.77467,0.82834,-0.68748,-0.08446,0.24376
-0.46405,0.58747,-0.58139,-0.8208,0.81692,-0.49708,-0.12874,-0.43518,-0.22139,0.04225
0.45171,-0.7649,0.070754,-0.85067,0.26153,-0.78023,0.38493,0.6252,0.16497,-0.93752
-0.7888,-0.42635,0.51981,-0.092041,-0.28592,0.99809,-0.87196,0.99809,0.73199,-0.4215
-0.39111,0.099595,-0.22985,0.0279,-0.8757,-0.090162,0.72213,-0.55495,0.91354,0.47273
0.5033,-0.54913,0.22449,0.74207,-0.062198,0.75885,0.78737,-0.028924,0.25586,0.51099
0.9006,0.48064,-0.8941,-0.43098,-0.11528,-0.35821,0.92918,0.68666,-0.69151,-0.32536
-0.49949,-0.88333,-0.13036,0.48895,-0.79129,0.060004,0.56702,-0.79894,-0.34234,0.097338
-0.47387,0.21261,-0.47942,0.93809,-0.4002,0.43559,-0.6219,-0.10637,0.35481,0.52402
0.57078,-0.15169,0.0014467,0.71355,0.046885,-0.66152,-0.64406,0.17553,0.81964,-0.90948
0.58852,0.36692,0.97897,0.39995,-0.52376,-0.69038,-0.41504,0.81063,0.4961,0.72136
-0.82331,0.75748,-0.48408,-0.54439,-0.86775,0.005134,-0.38822,0.4359,-0.94427,0.66505
0.165,0.9833,0.58906,-0.91017,0.92364,-0.86301,-0.97518,0.93137,0.83737,0.60093
-0.23839,-0.75294,-0.19156,-0.32976,0.38415,0.81064,0.76795,0.53716,-0.69705,0.95047
0.59017,0.26598,0.46766,0.81696,0.33522,0.16006,0.56924,-0.85358,0.33919,0.77369
0.70306,0.91895,-0.32902,0.42796,-0.96322,0.46471,-0.24342,0.067621,0.11447,0.05875
0.36364,0.63524,-0.99774,0.9379,0.18285,-0.33049,0.27332,0.70452,0.95733,0.34074
0.5611,0.7766,-0.55934,-0.96381,-0.20461,-0.20384,0.61666,0.088266,-0.93322,0.89117
-0.21345,-0.18786,0.41311,-0.33907,0.75297,0.23347,-0.86812,-0.86468,0.49029,0.039187
0.49395,-0.2567,0.76267,0.016226,-0.053963,-0.17243,0.74337,-0.97749,-0.69164,-0.79806
0.070654,0.07913,0.91853,-0.02104,-0.27491,0.34498,0.89984,0.15343,-0.73685,-0.96185
0.62949,0.17452,-0.96719,0.13833,0.47816,0.82249,-0.73856,0.11593,-0.82918,-0.63656
-0.72847,0.82573,0.60622,0.91361,0.97876,0.77632,0.22057,0.029694,-0.61093,0.26023
0.71852,-0.36972,-0.75601,0.88036,-0.016266,-0.72966,-0.70746,-0.25537,-0.36687,0.6966
0.13361,-0.38732,-0.26651,-0.97398,-0.7572,0.4835,0.81675,0.21437,0.011786,0.18637
-0.83467,0.21549,0.48444,0.090456,0.016882,-0.49093,0.32719,-0.89972,-0.37761,0.62958
-0.013649,0.52898,-0.75395,-0.61773,-0.65424,-0.26201,-0.82618,0.016436,0.48553,-0.27434
0.94275,-0.56556,-0.0089654,-0.027852,-0.82234,0.062818,-0.85235,-0.29957,0.98098,0.6889
-0.92707,-0.097013,-0.56962,-0.95817,0.80448,0.31551,0.80285,-0.69975,0.4231,-0.13302
0.67958,0.70266,0.45061,0.33806,-0.46145,-0.28551,-0.60315,0.23065,0.4568,0.50039
0.58312,0.22349,0.38241,-0.90782,-0.43867,0.056378,-0.56054,0.97052,0.78229,0.38627
-0.33716,-0.046988,-0.015648,-0.63885,0.063081,-0.38455,0.35996,-0.56366,0.6761,0.54423
0.51563,-0.42115,-0.031989,-0.29222,-0.83806,0.27353,0.071166,0.040446,-0.16018,0.02572
0.71839,-0.63149,0.089842,0.75419,0.14044,-0.981,-0.16877,0.56155,-0.82152,0.024035
0.17376,-0.68915,-0.89421,-0.51513,-0.21763,-0.463,-0.83987,-0.72797,-0.21293,0.9967
0.25081,0.18788,0.68106,0.7947,-0.35636,-0.32847,-0.028943,0.92509,-0.032931,-0.016461
-0.66809,-0.94027,-0.30459,0.75825,-0.39354,-0.81531,-0.24683,0.64959,-0.89113,0.057845
0.13242,-0.01363,-0.39155,0.41096,-0.28534,0.90511,-0.49365,0.85966,-0.17527,-0.47331
-0.73554,-0.89355,0.95502,-0.69295,-0.35157,0.78982,0.3724,0.098994,0.29834,0.1274
0.73663,-0.61086,-0.27378,0.97918,0.89972,0.89856,-0.69255,-0.062846,0.81415,-0.24228
-0.44436,0.16513,0.19245,-0.85286,-0.88372,-0.64269,0.84774,-0.8115,0.11508,-0.51547
-0.64868,-0.35537,-0.13277,-0.53508,-0.12216,-0.51932,0.24151,-0.013079,-0.089482,-0.78852
-0.1576,-0.96762,0.38169,0.97847,-0.80026,0.26159,0.58009,-0.67556,-0.88666,0.14875
0.096934,-0.56102,0.079214,0.20976,0.25256,0.14319,-0.86937,-0.032614,0.24083,0.52774
0.72366,0.17098,0.18304,-0.41438,-0.71226,0.61254,-0.68039,0.78822,0.8276,0.1995
-0.13007,0.099981,0.58418,-0.81009,-0.56317,-0.74314,0.84344,-0.96024,-0.85143,-0.81686
-0.73272,0.55463,0.43426,-0.97719,0.80475,0.16946,0.51412,-0.68775,-0.056987,0.91126
0.0061248,0.79547,-0.84919,0.18515,0.71141,-0.61797,-0.44258,0.51008,-0.27891,0.89402
0.53621,-0.037836,0.13294,-0.8761,-0.66007,-0.30328,0.83275,0.13892,-0.38881,0.46163
-0.11129,0.91465,0.0033687,0.95538,0.45938,0.34437,-0.93732,0.13061,-0.65126,-0.08011
0.85595,0.48293,-0.0080342,0.41662,0.85715,0.35252,0.088036,0.74529,-0.29866,0.42141
-0.23045,0.32663,0.73166,-0.42055,-0.43456,0.96378,0.50011,0.69161,0.8872,0.53015
-0.95406,0.62716,-0.95557,0.011411,0.52693,-0.24016,-0.023665,0.39076,-0.96512,-0.85382
0.25319,-0.31258,0.97117,0.58458,0.28703,-0.37837,-0.20468,-0.38747,-0.30195,0.88481
0.25128,-0.19304,-0.54831,0.70854,0.78739,0.82068,-0.89234,-0.79008,-0.53363,-0.69722
0.87111,-0.30863,0.79839,-0.4462,0.68146,-0.43839,-0.36097,0.63014,0.12845,0.54625
-0.85622,0.10342,-0.06498,0.78104,0.63314,-0.52853,0.82935,-0.85024,0.23606,-0.28963
-0.17062,-0.77842,0.13537,0.037928,-0.14985,0.69748,0.16547,-0.41459,-0.77976,0.68925
0.64326,0.64957,0.67558,0.50329,-0.12674,-0.012816,-0.054447,0.61406,0.1279,-0.050249
-0.71219,-0.66188,0.026139,0.098521,0.70317,0.7334,-0.36403,-0.29783,0.51051,-0.92655
-0.12969,-0.82463,-0.13987,-0.77642,-0.51006,0.014392,0.81609,-0.4994,-0.3343,-0.63542
-0.53145,0.12179,-0.45317,0.80966,-0.34604,0.8496,0.82562,0.040056,0.55714,-0.17184
0.57696,-0.037059,-0.53811,-0.85806,-0.96429,-0.9827,0.098552,0.080375,0.7455,0.40546
0.70704,-0.81996,0.057511,0.45276,-0.19367,-0.91901,0.69226,0.38693,-0.79264,-0.10148
-0.83457,0.79178,-0.25365,0.56812,-0.49664,0.5903,-0.43874,-0.14192,0.27857,-0.17156
-0.076548,-0.74261,-0.80694,0.47739,0.96749,0.16221,-0.50638,-0.71305,-0.35331,-0.50587
-0.46808,-0.03312,-0.11045,0.42368,0.75594,-0.18476,0.56957,0.84582,-0.95997,0.13822
0.82025,-0.62994,0.82921,0.99773,-0.57838,-0.91763,0.20322,-0.99288,0.3309,0.44981
0.71526,0.3779,-0.29712,0.40163,-0.74092,-0.1196,-0.52042,0.60939,0.74241,-0.099292
-0.69513,0.48146,0.15622,0.47662,0.77449,-0.38906,-0.16364,0.01793,-0.049432,-0.32389
0.82345,0.36496,-0.74923,-0.79046,0.025806,0.50092,-0.69097,-0.80804,-0.072124,0.80118
-0.89652,-0.1123,-0.75088,0.30555,0.31705,-0.97175,-0.66415,0.2968,0.84135,0.44174
0.32922,-0.1792,-0.034145,0.84178,0.16246,0.44522,0.3518,0.30104,0.053433,0.33534
0.097972,0.78767,0.5643,0.37754,0.77977,-0.71326,0.79621,-0.30479,0.36075,-0.94095
-0.058764,0.10472,-0.023816,-0.66403,0.68786,0.59363,0.14736,0.03943,-0.62326,-0.66222
-0.68111,0.17636,0.26818,0.58907,-0.50333,0.33205,0.89056,-0.46892,-0.72855,0.49595
-0.086879,-0.016147,-0.39894,0.5407,-0.27074,-0.071418,0.059774,0.93645,-0.14901,0.30335
-0.47322,-0.3139,0.95683,-0.30139,0.015884,-0.21212,-0.51167,-0.79841,0.74179,0.97927
0.79221,0.47311,0.94524,-0.27627,0.77433,0.53249,-0.43371,-0.7555,0.62085,0.21629
0.31371,0.70292,-0.68021,-0.21965,-0.90066,-0.7602,0.84426,0.37758,0.93504,0.18584
-0.67675,-0.80786,-0.8005,0.6517,-0.38412,-0.22002,0.079876,-0.30611,-0.55075,-0.30748
0.035202,0.24561,-0.40086,0.1796,0.025663,-0.56597,0.004446,-0.96942,0.065033,-0.31537
0.031603,0.53454,0.42837,-0.70919,0.31967,0.38857,-0.18026,-0.53264,-0.22697,0.71254
0.63303,-0.0235,0.82121,-0.83581,0.41643,-0.51101,0.28163,0.28504,-0.57067,0.81949
-0.41012,-0.10008,0.9353,-0.78404,0.26993,0.59979,0.41397,0.47714,0.54156,-0.3676
-0.96887,-0.50786,-0.063111,0.92429,-0.028398,-0.39101,-0.52374,-0.8675,0.99877,-0.98096
0.93673,0.71948,-0.45931,-0.3525,-0.66053,0.71754,0.86803,-0.31208,-0.49904,-0.25643
-0.1548,-0.74362,-0.87734,0.10994,-0.71845,0.41405,-0.53106,0.77176,-0.86278,-0.94232
-0.98302,0.99809,0.092276,0.73984,0.88588,0.64685,-0.47959,0.037635,-0.19548,0.15596
0.93034,0.038595,0.12941,-0.14821,-0.77115,-0.77229,0.11023,-0.35308,0.47431,0.947
0.78425,0.36987,-0.059411,0.17712,0.68499,0.2531,-0.46004,0.036318,0.58583,0.18185
0.88157,0.15031,-0.38515,0.35675,0.072519,-0.53481,-0.68257,-0.63581,0.35958,-0.43139
-0.41276,-0.37668,-0.69718,-0.93092,-0.0025576,-0.86894,-0.48044,0.34263,0.46357,-0.80759
0.016564,-0.13278,-0.07466,-0.81021,0.074462,0.83196,0.69938,-0.89764,-0.51474,-0.41435
0.78684,-0.94443,0.6968,0.52446,0.97115,0.70146,-0.74776,-0.42776,0.85583,-0.070261
-0.30063,0.57413,0.36311,0.30173,-0.33893,0.67167,0.55127,0.63327,0.034741,-0.85427
-0.6763,-0.44455,0.22731,-0.67613,-0.36118,-0.8611,-0.94907,0.10877,-0.26298,-0.82945
-0.092438,-0.25013,0.4315,0.90751,-0.50162,-0.58704,0.23697,-0.26721,-0.36153,0.2613
-0.47277,-0.45102,0.17481,-0.30913,0.87001,-0.3124,-0.4567,-0.60136,0.11904,0.33683
0.9449,0.67957,-0.11551,0.94119,-0.94385,-0.41062,-0.94749,0.38725,0.34551,0.80476
-0.33917,-0.89596,0.060083,-0.883,0.21638,0.19517,-0.18567,-0.39764,-0.35751,-0.39398
